id,firstname,lastname,email,email2,profession
100,Anestassia,Yate,Anestassia.Yate@opmail.com,Anestassia.Yate@gmail.com,police officer
101,Demetris,Taima,Demetris.Taima@opmail.com,Demetris.Taima@gmail.com,police officer
102,Neila,Karylin,Neila.Karylin@opmail.com,Neila.Karylin@gmail.comworker